time_s,fps,kbps,server_ms,server_ms_std,compute_ms,render_ms,decode_ms,decode_ms_std,lat_mean_ms,lat_std_ms,lat_p50_ms,lat_p95_ms,lat_max_ms,lost,ctrl_events,phase
1.338,2.7,862,33.665,8.963,99.021,242.253,7.230,4.517,1107.5,114.5,1222.0,1222.0,1222.0,0,0,far
2.363,2.6,393,29.766,0.744,99.039,242.426,5.903,1.399,721.0,10.0,731.0,731.0,731.0,0,0,far
3.460,2.6,329,26.312,3.505,99.140,242.577,3.376,0.161,698.7,16.4,693.0,721.0,721.0,0,0,far
4.626,2.6,330,32.594,3.925,99.228,242.578,5.245,0.863,720.7,15.8,711.0,743.0,743.0,0,0,far
5.766,2.6,343,23.021,0.448,99.122,242.477,3.597,0.272,704.3,14.3,704.0,722.0,722.0,0,0,far
6.939,2.6,329,31.593,0.467,99.508,242.908,4.691,1.350,725.7,29.9,740.0,753.0,753.0,0,0,far
8.095,2.6,328,32.730,0.870,99.192,242.579,6.327,0.820,719.3,20.7,724.0,742.0,742.0,0,0,far
9.254,2.6,330,31.146,0.515,99.159,242.662,3.974,0.947,694.5,25.5,720.0,720.0,720.0,0,0,far
10.408,2.6,326,31.354,0.629,99.322,242.636,4.099,0.881,698.0,14.4,691.0,718.0,718.0,0,0,far
11.556,2.6,335,28.366,2.956,99.334,242.799,3.027,0.243,685.3,19.3,677.0,712.0,712.0,0,0,far
12.696,2.6,366,28.203,3.285,98.993,242.661,4.433,0.990,701.0,19.0,705.0,722.0,722.0,0,0,far
13.867,2.6,371,30.975,0.944,99.126,242.805,3.518,0.409,731.0,34.8,711.0,780.0,780.0,0,62,orbit
15.017,2.6,288,31.306,0.475,98.943,242.635,3.543,0.262,677.3,13.3,670.0,696.0,696.0,0,71,orbit
16.153,2.6,170,29.113,4.789,99.241,242.574,2.978,0.126,673.7,1.7,673.0,676.0,676.0,0,71,orbit
17.300,2.6,224,28.503,4.660,99.061,242.664,4.446,1.552,685.0,10.7,687.0,697.0,697.0,0,71,orbit
18.408,2.7,261,25.616,3.358,99.041,242.485,3.851,0.851,665.7,14.7,659.0,686.0,686.0,0,69,orbit
19.550,2.6,223,29.049,0.312,99.408,242.554,4.651,0.921,696.3,29.3,687.0,736.0,736.0,0,71,orbit
20.667,2.7,223,23.261,1.119,99.324,242.756,3.212,0.092,694.0,31.9,674.0,739.0,739.0,0,69,orbit
21.819,2.7,197,28.213,4.130,99.016,242.437,2.705,0.052,685.0,12.8,688.0,699.0,699.0,0,72,orbit
22.975,2.6,341,28.295,2.122,98.987,242.732,2.975,0.220,680.3,5.4,677.0,688.0,688.0,0,72,orbit
24.135,2.6,483,31.112,0.428,99.127,242.407,3.908,0.199,708.7,16.0,711.0,727.0,727.0,0,72,orbit
25.244,2.7,256,25.005,2.145,99.207,242.829,3.180,0.198,665.0,7.8,670.0,671.0,671.0,0,69,zoom_in
26.404,2.6,199,29.123,0.197,99.095,242.604,2.939,0.219,668.3,2.5,669.0,671.0,671.0,0,72,zoom_in
27.588,2.6,312,26.161,3.032,99.173,242.998,3.396,0.494,701.3,21.7,708.0,724.0,724.0,0,74,zoom_in
28.682,2.7,443,25.889,3.281,99.196,243.460,4.265,1.140,689.7,11.1,688.0,704.0,704.0,0,68,zoom_in
29.850,2.6,567,28.427,2.766,99.210,245.155,3.758,0.366,703.7,3.8,701.0,709.0,709.0,0,72,zoom_in
31.000,2.6,691,31.249,1.796,99.193,246.310,4.330,0.244,728.0,8.2,728.0,738.0,738.0,0,72,zoom_in
32.114,2.7,695,20.596,1.745,99.273,244.256,4.419,0.645,702.7,7.8,701.0,713.0,713.0,0,69,zoom_in
33.240,2.7,637,21.501,3.199,99.130,243.291,4.395,0.347,707.7,7.0,706.0,717.0,717.0,0,70,zoom_in
34.380,2.6,618,31.235,1.550,99.094,242.708,4.476,0.360,710.7,12.8,713.0,725.0,725.0,0,70,zoom_in
35.545,2.6,586,32.116,0.468,99.385,242.049,4.557,0.161,703.3,13.0,712.0,713.0,713.0,0,72,zoom_in
36.687,2.6,521,30.234,2.069,99.182,241.391,4.921,0.984,703.0,5.9,701.0,711.0,711.0,0,71,look_around
37.831,2.6,382,31.488,0.565,99.250,240.369,5.079,0.934,698.3,16.9,702.0,717.0,717.0,0,72,look_around
39.000,2.6,558,31.488,0.502,99.429,239.848,6.959,2.442,716.0,4.3,718.0,720.0,720.0,0,72,look_around
40.123,2.6,443,30.818,1.336,99.343,240.343,4.954,1.941,683.3,11.9,685.0,697.0,697.0,0,70,look_around
41.264,2.7,466,26.388,3.749,99.173,240.923,3.298,0.197,703.0,20.5,689.0,732.0,732.0,0,71,look_around
42.395,2.7,581,27.178,1.878,99.176,240.617,4.284,0.384,707.0,0.0,707.0,707.0,707.0,0,70,look_around
43.528,2.7,523,30.158,2.061,99.252,239.856,3.959,0.241,704.3,8.3,699.0,716.0,716.0,0,71,look_around
44.654,2.6,491,28.800,4.697,99.343,240.261,3.846,0.021,690.3,17.5,695.0,709.0,709.0,0,70,look_around
45.779,2.7,522,26.688,3.249,98.978,241.198,3.990,0.311,696.7,13.6,699.0,712.0,712.0,0,70,look_around
46.900,2.7,645,24.775,1.234,99.285,241.365,4.098,0.513,698.0,22.2,687.0,729.0,729.0,0,70,look_around
48.019,2.7,424,26.542,2.048,99.129,240.707,3.863,0.198,678.3,5.4,680.0,684.0,684.0,0,45,inside
49.164,2.6,345,25.647,2.728,99.277,241.261,3.543,0.387,710.7,14.5,707.0,730.0,730.0,0,0,inside
50.301,2.6,264,29.200,4.461,99.192,241.081,3.332,0.156,691.7,17.8,685.0,716.0,716.0,0,0,inside
51.464,2.6,276,31.837,0.329,99.372,240.977,3.311,0.195,698.3,12.5,690.0,716.0,716.0,0,0,inside
52.583,2.6,269,23.423,0.426,99.074,240.936,3.689,0.263,695.0,26.3,691.0,729.0,729.0,0,0,inside
53.689,2.7,286,24.050,0.692,99.136,240.725,3.622,0.683,696.0,8.5,691.0,708.0,708.0,0,0,inside
54.838,2.7,285,26.706,2.390,99.156,241.042,3.354,0.149,697.3,22.1,696.0,725.0,725.0,0,0,inside
55.967,2.6,292,26.773,1.847,99.284,240.949,3.285,0.210,700.7,24.1,703.0,729.0,729.0,0,0,inside
57.085,2.7,285,27.069,3.578,99.110,241.109,3.489,0.114,715.0,8.6,719.0,723.0,723.0,0,0,inside
58.221,2.7,295,26.391,3.210,99.178,240.874,4.352,1.141,685.7,19.1,681.0,711.0,711.0,0,0,inside
