time_s,fps,kbps,server_ms,server_ms_std,decode_ms,decode_ms_std,lat_mean_ms,lat_std_ms,lat_p50_ms,lat_p95_ms,lat_max_ms,lost,ctrl_events,phase
1.033,60.6,10556,2.248,0.198,6.268,2.931,166.3,78.7,133.0,389.0,389.0,0,0,far
2.124,59.9,8319,2.257,0.287,6.190,2.105,138.8,49.7,121.0,276.0,276.0,0,0,far
3.177,59.9,7163,2.222,0.011,5.817,1.814,144.8,70.1,119.0,350.0,350.0,0,0,far
4.135,60.0,8053,2.209,0.069,5.633,2.211,160.2,34.1,148.0,242.0,242.0,0,0,far
5.138,59.9,7836,2.221,0.009,5.970,2.968,269.5,75.7,281.0,413.0,413.0,0,0,far
6.107,60.0,8372,2.208,0.070,5.689,2.259,199.6,74.5,208.0,351.0,351.0,0,0,far
7.042,60.0,7932,2.221,0.012,6.829,1.936,112.2,18.3,107.0,166.0,166.0,0,0,far
8.046,60.0,8250,2.210,0.068,6.668,2.091,119.1,18.1,123.0,166.0,166.0,0,0,far
9.039,60.0,7804,2.207,0.013,6.428,1.961,125.8,23.2,123.0,191.0,191.0,0,0,far
10.053,60.0,8355,2.199,0.069,7.252,2.247,123.8,16.9,120.0,162.0,162.0,0,0,far
11.100,60.0,7711,2.206,0.010,7.074,1.787,115.0,17.7,115.0,173.0,173.0,0,0,far
12.081,60.0,8507,2.197,0.070,6.632,1.842,124.2,21.8,117.0,188.0,188.0,0,6,orbit
13.042,60.0,8024,2.210,0.019,6.694,2.136,119.4,13.1,117.0,143.0,156.0,0,60,orbit
14.086,60.0,8452,2.200,0.069,6.569,2.236,125.2,20.5,121.0,172.0,184.0,0,64,orbit
15.061,60.0,7902,2.210,0.019,6.380,2.380,122.3,20.1,119.0,174.0,185.0,0,61,orbit
16.060,60.0,7902,2.203,0.067,6.561,2.070,121.7,16.6,118.0,160.0,164.0,0,62,orbit
17.058,60.0,7996,2.217,0.012,6.600,2.026,122.0,21.3,116.0,171.0,197.0,0,62,orbit
18.078,60.0,8245,2.207,0.072,6.812,1.872,115.9,9.5,115.0,133.0,137.0,0,63,orbit
19.110,60.0,8531,2.213,0.009,6.674,2.174,120.7,15.0,119.0,155.0,156.0,0,64,orbit
20.105,60.0,8094,2.202,0.081,6.539,2.306,123.5,17.1,124.0,159.0,164.0,0,62,orbit
21.113,60.0,8021,2.210,0.014,6.687,2.576,117.3,12.5,117.0,140.0,144.0,0,63,orbit
22.099,60.0,7649,2.268,0.509,6.386,1.971,126.3,19.5,126.0,155.0,183.0,0,61,orbit
23.147,60.0,8824,2.216,0.012,6.220,2.352,132.3,32.2,122.0,209.0,221.0,0,65,orbit
24.126,60.0,9138,2.203,0.081,6.323,2.354,122.6,16.2,118.0,155.0,158.0,0,61,zoom_in
25.382,60.0,8551,2.211,0.011,5.443,2.530,205.8,74.5,182.0,390.0,390.0,0,78,zoom_in
26.156,60.0,9255,2.203,0.076,4.974,1.965,223.3,84.2,200.0,449.0,449.0,0,48,zoom_in
27.197,60.0,7630,2.210,0.013,5.430,2.252,215.0,74.8,176.0,372.0,400.0,0,64,zoom_in
28.279,60.0,9098,2.205,0.071,5.818,2.559,191.0,51.1,178.0,278.0,330.0,0,68,zoom_in
29.212,60.0,7213,2.211,0.013,6.456,2.612,133.3,30.7,128.0,205.0,218.0,0,57,zoom_in
30.180,60.0,9065,2.207,0.057,5.885,2.089,130.2,21.7,126.0,169.0,187.0,0,61,zoom_in
31.250,60.0,7473,2.209,0.010,6.810,2.548,132.4,20.2,131.0,177.0,184.0,0,66,zoom_in
32.204,60.0,8838,2.213,0.035,6.231,2.014,124.4,25.0,115.0,192.0,212.0,0,59,zoom_in
33.189,60.0,7484,2.214,0.012,6.487,2.141,117.6,16.0,115.0,153.0,158.0,0,61,zoom_in
34.193,60.0,8515,2.217,0.019,6.557,2.476,124.3,17.4,120.0,164.0,165.0,0,62,zoom_in
35.220,60.0,7194,2.310,0.075,6.520,2.455,126.3,21.8,123.0,165.0,178.0,0,64,look_around
36.198,60.0,8861,2.456,0.087,6.397,2.317,128.6,31.7,117.0,206.0,215.0,0,61,look_around
37.240,60.0,5127,2.373,0.052,6.709,2.283,115.6,14.5,114.0,147.0,148.0,0,64,look_around
38.290,60.0,8406,2.363,0.122,6.598,2.855,148.3,66.3,116.0,304.0,304.0,0,66,look_around
39.222,60.0,6168,2.407,0.029,6.923,2.642,119.5,15.1,116.0,143.0,175.0,0,57,look_around
40.235,60.0,10143,2.411,0.097,6.278,2.104,122.8,21.3,117.0,169.0,170.0,0,63,look_around
41.237,60.0,7291,2.275,0.026,6.351,1.802,121.2,13.5,118.0,154.0,157.0,0,62,look_around
42.301,60.0,8920,2.248,0.037,6.528,2.205,120.9,17.5,119.0,160.0,160.0,0,66,look_around
43.275,60.0,8013,2.259,0.026,7.084,1.933,118.7,14.1,113.0,146.0,154.0,0,61,look_around
44.328,60.0,10071,2.395,0.071,6.974,2.167,118.7,16.8,119.0,144.0,183.0,0,65,look_around
45.260,60.0,9189,2.419,0.026,6.239,2.230,137.1,20.2,137.0,169.0,176.0,0,58,look_around
46.285,60.0,8212,2.407,0.127,6.164,2.334,144.6,58.9,126.0,303.0,312.0,0,63,look_around
47.278,60.0,6112,2.417,0.023,6.843,1.709,115.2,16.0,112.0,146.0,153.0,0,32,inside
48.285,60.0,8818,2.438,0.061,7.514,2.571,118.2,15.2,114.0,149.0,149.0,0,0,inside
49.300,60.0,6557,2.434,0.011,6.903,1.788,112.9,13.0,111.0,146.0,146.0,0,0,inside
50.402,60.0,9331,2.432,0.079,7.119,2.315,147.2,36.1,138.0,218.0,218.0,0,0,inside
51.279,60.0,6736,2.426,0.018,6.701,2.686,158.2,28.1,153.0,226.0,226.0,0,0,inside
52.294,60.0,9120,2.430,0.045,7.217,1.948,117.4,12.9,118.0,143.0,143.0,0,0,inside
53.294,60.0,6735,2.412,0.014,7.152,2.498,118.0,15.0,114.0,145.0,145.0,0,0,inside
54.314,60.0,9106,2.416,0.045,6.026,2.076,132.6,35.5,120.0,237.0,237.0,0,0,inside
55.311,60.0,6818,2.406,0.009,7.050,1.784,119.2,14.3,123.0,143.0,143.0,0,0,inside
56.318,60.0,9379,2.424,0.082,6.854,2.255,118.8,20.0,118.0,182.0,182.0,0,0,inside
57.311,60.0,6741,2.426,0.016,7.228,2.214,118.3,15.3,120.0,149.0,149.0,0,0,inside
58.312,60.0,9284,2.437,0.046,6.560,2.244,138.2,35.7,124.0,242.0,242.0,0,0,inside
